<?xml version="1.0" ?>
<rules xmlns="http://www.zend.com/server/monitor-rules/1.0">
	<rule>
		<ruleProperties>
			<rule_type_id>function-error</rule_type_id>
			<name><![CDATA[Function Error]]></name>
			<description><![CDATA[Triggered when one of the watched functions returns FALSE]]></description>
			<enabled>1</enabled>
			<url><![CDATA[]]></url>
		</ruleProperties>
		<ruleConditions>
			<condition>
				<operation>string-in-list</operation>
				<attribute>function-name</attribute>
				<operand>curl_exec|fopen|file_get_contents|file_put_contents|fsockopen|ftp_connect|ftp_ssl_connect|ldap_connect|pcntl_exec|socket_connect|stream_socket_client</operand>
			</condition>
		</ruleConditions>
		<ruleTriggers>
			<trigger>
				<triggerProperties>
					<severity>0</severity>
				</triggerProperties>
				<triggerConditions>
				</triggerConditions>
				<triggerActions>
				</triggerActions>
			</trigger>
		</ruleTriggers>
	</rule>

	<rule>
		<ruleProperties>
			<rule_type_id>function-error</rule_type_id>
			<name><![CDATA[Database Error]]></name>
			<description><![CDATA[Triggered when one of the watched database functions returns FALSE]]></description>
			<enabled>1</enabled>
			<url><![CDATA[]]></url>
		</ruleProperties>
		<ruleConditions>
			<condition>
				<operation>string-in-list</operation>
				<attribute>function-name</attribute>
				<operand>mssql_connect|mssql_execute|mssql_query|mssql_unbuffered_query|mysql_connect|mysql_db_query|mysql_query|mysql_unbuffered_query|mysqli_connect|mysqli_execute|mysqli_master_query|mysqli_multi_query|mysqli_query|mysqli_real_connect|mysqli_real_query|mysqli_rpl_query_type|mysqli_send_query|mysqli_slave_query|mysqli_stmt_execute|oci_connect|ociexecute|oci_execute|ocilogon|oci_new_connect|odbc_connect|odbc_exec|odbc_execute|ora_exec|PDO::exec|PDO::prepare|PDO::query|pg_connect|pg_exec|pg_query|pg_send_query|sqlite_array_query|sqlite_exec|sqlite_query|sqlite_single_query|sqlite_unbuffered_query|db2_connect|db2_exec|db2_execute|db2_prepare|SQLite3::exec|SQLite3::query|SQLite3::querySingle|SQLite3Stmt::execute|Mongo*|PDO::__construct|PDO::exec|PDO::prepare|PDO::query|PDOStatement::bindValue|PDOStatement::bindParam|PDOStatement::execute</operand>
			</condition>
		</ruleConditions>
		<ruleTriggers>
			<trigger>
				<triggerProperties>
					<severity>1</severity>
				</triggerProperties>
				<triggerConditions>
				</triggerConditions>
				<triggerActions>
				</triggerActions>
			</trigger>
		</ruleTriggers>
	</rule>

	<rule>
		<ruleProperties>
			<rule_type_id>function-slow-exec</rule_type_id>
			<name><![CDATA[Slow Function Execution]]></name>
			<description><![CDATA[Triggered when one of the watched functions runs longer than the specified duration]]></description>
			<enabled>1</enabled>
			<url><![CDATA[]]></url>
		</ruleProperties>
		<ruleConditions>
			<condition>
				<operation>string-in-list</operation>
				<attribute>function-name</attribute>
				<operand>curl_exec|curl_multi_exec|dom_xpath_query|exec|fopen|file_get_contents|file_put_contents|fsockopen|ftp_connect|ftp_ssl_connect|ldap_connect|pcntl_exec|shell_exec|socket_connect|stream_socket_client|SoapClient::__call|SoapClient::__soapCall</operand>
			</condition>
		</ruleConditions>
		<ruleTriggers>
			<trigger>
				<triggerProperties>
					<severity>1</severity>
				</triggerProperties>
				<triggerConditions>
					<condition>
						<operation>number-greater-than</operation>
						<attribute>exec-time</attribute>
						<operand>2000</operand>
					</condition>
				</triggerConditions>
				<triggerActions>
				</triggerActions>
			</trigger>
			<trigger>
				<triggerProperties>
					<severity>0</severity>
				</triggerProperties>
				<triggerConditions>
					<condition>
						<operation>number-greater-than</operation>
						<attribute>exec-time</attribute>
						<operand>1000</operand>
					</condition>
				</triggerConditions>
				<triggerActions>
				</triggerActions>
			</trigger>
		</ruleTriggers>
	</rule>

	<rule>
		<ruleProperties>
			<rule_type_id>function-slow-exec</rule_type_id>
			<name><![CDATA[Slow Query Execution]]></name>
			<description><![CDATA[Triggered when one of the watched database functions runs longer than the specified duration]]></description>
			<enabled>1</enabled>
			<url><![CDATA[]]></url>
		</ruleProperties>
		<ruleConditions>
			<condition>
				<operation>string-in-list</operation>
				<attribute>function-name</attribute>
				<operand>mssql_execute|mssql_query|mssql_unbuffered_query|mysql_db_query|mysql_query|mysql_unbuffered_query|mysqli_execute|mysqli_master_query|mysqli_multi_query|mysqli_query|mysqli_real_connect|mysqli_real_query|mysqli_send_query|mysqli_slave_query|mysqli_stmt_execute|ociexecute|oci_execute|odbc_exec|odbc_execute|ora_exec|PDO::__construct|PDO::exec|PDO::query|PDOStatement::fetchAll|PDOStatement::execute|pg_exec|pg_query|pg_send_query|sqlite_array_query|sqlite_exec|sqlite_query|sqlite_single_query|sqlite_unbuffered_query|db2_exec|db2_execute|SQLite3::exec|SQLite3::query|SQLite3::querySingle|SQLite3Stmt::execute|Mongo*</operand>
			</condition>
		</ruleConditions>
		<ruleTriggers>
			<trigger>
				<triggerProperties>
					<severity>1</severity>
				</triggerProperties>
				<triggerConditions>
					<condition>
						<operation>number-greater-than</operation>
						<attribute>exec-time</attribute>
						<operand>2000</operand>
					</condition>
				</triggerConditions>
				<triggerActions>
				</triggerActions>
			</trigger>
			<trigger>
				<triggerProperties>
					<severity>0</severity>
				</triggerProperties>
				<triggerConditions>
					<condition>
						<operation>number-greater-than</operation>
						<attribute>exec-time</attribute>
						<operand>1000</operand>
					</condition>
				</triggerConditions>
				<triggerActions>
				</triggerActions>
			</trigger>
		</ruleTriggers>
	</rule>

	<rule>
		<ruleProperties>
			<rule_type_id>request-slow-exec</rule_type_id>
			<name><![CDATA[Slow Request Execution]]></name>
			<description><![CDATA[Triggered when a PHP request's runtime is longer than the specified duration]]></description>
			<enabled>1</enabled>
			<url><![CDATA[]]></url>
		</ruleProperties>
		<ruleConditions>
		</ruleConditions>
		<ruleTriggers>
			<trigger>
				<triggerProperties>
					<severity>1</severity>
				</triggerProperties>
				<triggerConditions>
					<condition>
						<operation>number-greater-than</operation>
						<attribute>exec-time</attribute>
						<operand>5000</operand>
					</condition>
					<condition>
						<operation>number-greater-than</operation>
						<attribute>exec-time-percent-change</attribute>
						<operand>60</operand>
					</condition>
				</triggerConditions>
				<triggerActions>
				</triggerActions>
			</trigger>
			<trigger>
				<triggerProperties>
					<severity>0</severity>
				</triggerProperties>
				<triggerConditions>
					<condition>
						<operation>number-greater-than</operation>
						<attribute>exec-time</attribute>
						<operand>2000</operand>
					</condition>
					<condition>
						<operation>number-greater-than</operation>
						<attribute>exec-time-percent-change</attribute>
						<operand>30</operand>
					</condition>
				</triggerConditions>
				<triggerActions>
				</triggerActions>
			</trigger>
			<trigger>
				<triggerProperties>
					<severity>-1</severity>
				</triggerProperties>
				<triggerConditions>
					<condition>
						<operation>number-greater-than</operation>
						<attribute>exec-time-percent-change</attribute>
						<operand>15</operand>
					</condition>
				</triggerConditions>
				<triggerActions>
				</triggerActions>
			</trigger>
		</ruleTriggers>
	</rule>

	<rule>
		<ruleProperties>
			<rule_type_id>request-large-mem-usage</rule_type_id>
			<name><![CDATA[High Memory Usage]]></name>
			<description><![CDATA[Triggered when a PHP request consumes more than the specified amount of memory]]></description>
			<enabled>1</enabled>
			<url><![CDATA[]]></url>
		</ruleProperties>
		<ruleConditions>
		</ruleConditions>
		<ruleTriggers>
			<trigger>
				<triggerProperties>
					<severity>1</severity>
				</triggerProperties>
				<triggerConditions>
					<condition>
						<operation>number-greater-than</operation>
						<attribute>mem-usage</attribute>
						<operand>16384</operand>
					</condition>
					<condition>
						<operation>number-greater-than</operation>
						<attribute>mem-usage-percent-change</attribute>
						<operand>60</operand>
					</condition>
				</triggerConditions>
				<triggerActions>
				</triggerActions>
			</trigger>
			<trigger>
				<triggerProperties>
					<severity>0</severity>
				</triggerProperties>
				<triggerConditions>
					<condition>
						<operation>number-greater-than</operation>
						<attribute>mem-usage</attribute>
						<operand>8192</operand>
					</condition>
					<condition>
						<operation>number-greater-than</operation>
						<attribute>mem-usage-percent-change</attribute>
						<operand>30</operand>
					</condition>
				</triggerConditions>
				<triggerActions>
				</triggerActions>
			</trigger>
			<trigger>
				<triggerProperties>
					<severity>-1</severity>
				</triggerProperties>
				<triggerConditions>
					<condition>
						<operation>number-greater-than</operation>
						<attribute>mem-usage-percent-change</attribute>
						<operand>15</operand>
					</condition>
				</triggerConditions>
				<triggerActions>
				</triggerActions>
			</trigger>
		</ruleTriggers>
	</rule>

	<rule>
		<ruleProperties>
			<rule_type_id>request-relative-large-out-size</rule_type_id>
			<name><![CDATA[Inconsistent Output Size]]></name>
			<description><![CDATA[Triggered when a PHP request's output size deviates from the average by the percentage specified (measured per URL)]]></description>
			<enabled>1</enabled>
			<url><![CDATA[]]></url>
		</ruleProperties>
		<ruleConditions>
		</ruleConditions>
		<ruleTriggers>
			<trigger>
				<triggerProperties>
					<severity>1</severity>
				</triggerProperties>
				<triggerConditions>
					<condition>
						<operation>number-greater-than</operation>
						<attribute>out-size-percent-change</attribute>
						<operand>200</operand>
					</condition>
				</triggerConditions>
				<triggerActions>
				</triggerActions>
			</trigger>
			<trigger>
				<triggerProperties>
					<severity>0</severity>
				</triggerProperties>
				<triggerConditions>
					<condition>
						<operation>number-greater-than</operation>
						<attribute>out-size-percent-change</attribute>
						<operand>50</operand>
					</condition>
				</triggerConditions>
				<triggerActions>
				</triggerActions>
			</trigger>
		</ruleTriggers>
	</rule>

	<rule>
		<ruleProperties>
			<rule_type_id>zend-error</rule_type_id>
			<name><![CDATA[PHP Error]]></name>
			<description><![CDATA[Triggered when a PHP error of one of the selected error levels is reported]]></description>
			<enabled>1</enabled>
			<url><![CDATA[]]></url>
		</ruleProperties>
		<ruleConditions>
		</ruleConditions>
		<ruleTriggers>
			<trigger>
				<triggerProperties>
					<severity>1</severity>
				</triggerProperties>
				<triggerConditions>
					<condition>
						<operation>bitwise-and</operation>
						<attribute>error-type</attribute>
						<operand>85</operand>
					</condition>
				</triggerConditions>
				<triggerActions>
				</triggerActions>
			</trigger>
			<trigger>
				<triggerProperties>
					<severity>0</severity>
				</triggerProperties>
				<triggerConditions>
					<condition>
						<operation>bitwise-and</operation>
						<attribute>error-type</attribute>
						<operand>6050</operand>
					</condition>
				</triggerConditions>
				<triggerActions>
				</triggerActions>
			</trigger>
		</ruleTriggers>
	</rule>

	<rule>
		<ruleProperties>
			<rule_type_id>java-exception</rule_type_id>
			<name><![CDATA[Uncaught Java Exception]]></name>
			<description><![CDATA[Triggered when Java code called through the Java Bridge failed due to an uncaught exception]]></description>
			<enabled>1</enabled>
			<url><![CDATA[]]></url>
		</ruleProperties>
		<ruleConditions>
		</ruleConditions>
		<ruleTriggers>
			<trigger>
				<triggerProperties>
					<severity>1</severity>
				</triggerProperties>
				<triggerConditions>
				</triggerConditions>
				<triggerActions>
				</triggerActions>
			</trigger>
		</ruleTriggers>
	</rule>

	<rule>
		<ruleProperties>
			<rule_type_id>custom</rule_type_id>
			<name><![CDATA[Custom Event]]></name>
			<description><![CDATA[Triggered when the API function 'zend_monitor_custom_event' is called from inside PHP code]]></description>
			<enabled>1</enabled>
			<url><![CDATA[]]></url>
		</ruleProperties>
		<ruleConditions>
		</ruleConditions>
		<ruleTriggers>
			<trigger>
				<triggerProperties>
					<severity>0</severity>
				</triggerProperties>
				<triggerConditions>
				</triggerConditions>
				<triggerActions>
				</triggerActions>
			</trigger>
		</ruleTriggers>
	</rule>

	<rule>
		<ruleProperties>
			<rule_type_id>custom</rule_type_id>
			<name><![CDATA[Zend Framework Exception]]></name>
			<description><![CDATA[Triggered when Zend Framework Exception thrown]]></description>
			<enabled>1</enabled>
			<url><![CDATA[]]></url>
		</ruleProperties>
		<ruleConditions>
		</ruleConditions>
		<ruleTriggers>
			<trigger>
				<triggerProperties>
					<severity>0</severity>
				</triggerProperties>
				<triggerConditions>
				</triggerConditions>
				<triggerActions>
				</triggerActions>
			</trigger>
		</ruleTriggers>
	</rule>

	<rule>
		<ruleProperties>
			<rule_type_id>jq-job-exec-error</rule_type_id>
			<name><![CDATA[Job Execution Error]]></name>
			<description><![CDATA[Triggered when the system is unable to run a queued or scheduled job]]></description>
			<enabled>1</enabled>
			<url><![CDATA[]]></url>
		</ruleProperties>
		<ruleConditions>
		</ruleConditions>
		<ruleTriggers>
			<trigger>
				<triggerProperties>
					<severity>1</severity>
				</triggerProperties>
				<triggerConditions>
				</triggerConditions>
				<triggerActions>
				</triggerActions>
			</trigger>
		</ruleTriggers>
	</rule>

	<rule>
		<ruleProperties>
			<rule_type_id>jq-job-logical-failure</rule_type_id>
			<name><![CDATA[Job Logical Failure]]></name>
			<description><![CDATA[Triggered when a job is reported as "failed" using the ZendJobQueue::setCurrentJobStatus() method]]></description>
			<enabled>1</enabled>
			<url><![CDATA[]]></url>
		</ruleProperties>
		<ruleConditions>
		</ruleConditions>
		<ruleTriggers>
			<trigger>
				<triggerProperties>
					<severity>1</severity>
				</triggerProperties>
				<triggerConditions>
				</triggerConditions>
				<triggerActions>
				</triggerActions>
			</trigger>
		</ruleTriggers>
	</rule>

	<rule>
		<ruleProperties>
			<rule_type_id>jq-job-exec-delay</rule_type_id>
			<name><![CDATA[Job Execution Delay]]></name>
			<description><![CDATA[Triggered when a job starts in delay]]></description>
			<enabled>1</enabled>
			<url><![CDATA[]]></url>
		</ruleProperties>
		<ruleConditions>
		</ruleConditions>
		<ruleTriggers>
			<trigger>
				<triggerProperties>
					<severity>0</severity>
				</triggerProperties>
				<triggerConditions>
				</triggerConditions>
				<triggerActions>
				</triggerActions>
			</trigger>
		</ruleTriggers>
	</rule>

	<rule>
		<ruleProperties>
			<rule_type_id>tracer-write-file-fail</rule_type_id>
			<name><![CDATA[Failed Writing Code Tracing Data]]></name>
			<description><![CDATA[Triggered when Code Tracing fails to write trace data to disk]]></description>
			<enabled>1</enabled>
			<url><![CDATA[]]></url>
		</ruleProperties>
		<ruleConditions>
		</ruleConditions>
		<ruleTriggers>
			<trigger>
				<triggerProperties>
					<severity>1</severity>
				</triggerProperties>
				<triggerConditions>
				</triggerConditions>
				<triggerActions>
				</triggerActions>
			</trigger>
		</ruleTriggers>
	</rule>

</rules>
